{
"lengthUnit": "mil",
"components": {
	"fields": ["COMPONENT_NO", "COMPONENT_NAME", "LAYER", "X_COORDINATE", "Y_COORDINATE", "ANGLE"],
	"rows": [
		[1, "P1", "T", -55, 605, 270],
		[2, "R1", "T", 425, 3440, 180],
		[3, "U2", "T", -50, 1275, 90],
		[4, "U3", "T", -85, 3435, 270],
		[5, "U3N1", "T", 970, 3525, 90],
		[6, "PAD1", "T", 1070, 787.58, 0],
		[7, "PAD1", "B", 1070, 787.58, 0],
		[8, "PAD2", "T", 870, 787.58, 0],
		[9, "PAD2", "B", 870, 787.58, 0],
		[10, "PAD3", "T", 270, 787.58, 0],
		[11, "PAD3", "B", 270, 787.58, 0],
		[12, "PAD4", "T", 370, 787.58, 0],
		[13, "PAD4", "B", 370, 787.58, 0],
		[14, "PAD5", "T", 370.1, 1475.58, 0],
		[15, "PAD5", "B", 370.1, 1475.58, 0],
		[16, "PAD6", "T", 270.1, 1475.58, 0],
		[17, "PAD6", "B", 270.1, 1475.58, 0],
		[18, "PAD7", "T", 870.1, 1475.58, 0],
		[19, "PAD7", "B", 870.1, 1475.58, 0],
		[20, "PAD8", "T", 1070.1, 1475.58, 0],
		[21, "PAD8", "B", 1070.1, 1475.58, 0],
		[22, "PAD9", "T", 140, 1805, 0],
		[23, "PAD9", "B", 140, 1805, 0],
		[24, "PAD10", "T", 340, 1805, 0],
		[25, "PAD10", "B", 340, 1805, 0],
		[26, "PAD11", "T", 140, 2805, 0],
		[27, "PAD11", "B", 140, 2805, 0],
		[28, "PAD12", "T", 340, 2805, 0],
		[29, "PAD12", "B", 340, 2805, 0],
		[30, "PAD13", "T", 540, 2805, 0],
		[31, "PAD13", "B", 540, 2805, 0],
		[32, "PAD14", "T", 740, 2805, 0],
		[33, "PAD14", "B", 740, 2805, 0],
		[34, "PAD15", "T", 340, 3145, 0],
		[35, "PAD15", "B", 340, 3145, 0],
		[36, "PAD16", "T", 540, 3145, 0],
		[37, "PAD16", "B", 540, 3145, 0],
		[38, "PAD17", "T", 440, 3145, 0],
		[39, "PAD17", "B", 440, 3145, 0]
	]
},
"pins": {
	"fields": ["PIN_NO", "PIN_NAME", "PIN_X", "PIN_Y", "LAYER", "PIN_TYPE", "NET_NAME", "NET_TYPE", "PAD_SHAPE", "PAD_SIZEX", "PAD_SIZEY", "HOLE_SIZE", "PAD_ANGLE"],
	"rows": [
		[1, "P1_1", -55, 705, "T", "DIP", "N", "", "C", 78.74, 78.74, 51.18, 90],
		[2, "P1_1", -55, 705, "B", "DIP", "N", "", "C", 78.74, 78.74, 51.18, 90],
		[3, "P1_2", -55, 505, "T", "DIP", "L", "", "C", 78.74, 78.74, 51.18, 90],
		[4, "P1_2", -55, 505, "B", "DIP", "L", "", "C", 78.74, 78.74, 51.18, 90],
		[5, "R1_1", 631.69, 3440, "T", "DIP", "DATA", "", "C", 55.12, 55.12, 27.56, 180],
		[6, "R1_1", 631.69, 3440, "B", "DIP", "DATA", "", "C", 55.12, 55.12, 27.56, 180],
		[7, "R1_2", 218.31, 3440, "T", "DIP", "5V", "", "C", 55.12, 55.12, 27.56, 180],
		[8, "R1_2", 218.31, 3440, "B", "DIP", "5V", "", "C", 55.12, 55.12, 27.56, 180],
		[9, "U2_1", -50, 1125, "T", "DIP", "SCR", "", "C", 78.74, 78.74, 43.31, 90],
		[10, "U2_1", -50, 1125, "B", "DIP", "SCR", "", "C", 78.74, 78.74, 43.31, 90],
		[11, "U2_2", -50, 1225, "T", "DIP", "GND", "GND", "C", 78.74, 78.74, 43.31, 90],
		[12, "U2_2", -50, 1225, "B", "DIP", "GND", "GND", "C", 78.74, 78.74, 43.31, 90],
		[13, "U2_3", -50, 1325, "T", "DIP", "U2_3", "", "C", 78.74, 78.74, 43.31, 90],
		[14, "U2_3", -50, 1325, "B", "DIP", "U2_3", "", "C", 78.74, 78.74, 43.31, 90],
		[15, "U2_4", -50, 1425, "T", "DIP", "U2_4", "", "C", 78.74, 78.74, 51.18, 90],
		[16, "U2_4", -50, 1425, "B", "DIP", "U2_4", "", "C", 78.74, 78.74, 51.18, 90],
		[17, "U3_1", -85, 3730.28, "T", "DIP", "GND", "GND", "C", 94.49, 94.49, 59.06, 270],
		[18, "U3_1", -85, 3730.28, "B", "DIP", "GND", "GND", "C", 94.49, 94.49, 59.06, 270],
		[19, "U3_2", -85, 3533.42, "T", "DIP", "5V", "", "C", 94.49, 94.49, 59.06, 270],
		[20, "U3_2", -85, 3533.42, "B", "DIP", "5V", "", "C", 94.49, 94.49, 59.06, 270],
		[21, "U3_3", -85, 3336.58, "T", "DIP", "DATA", "", "C", 94.49, 94.49, 59.06, 270],
		[22, "U3_3", -85, 3336.58, "B", "DIP", "DATA", "", "C", 94.49, 94.49, 59.06, 270],
		[23, "U3_4", -85, 3139.73, "T", "DIP", "PWM-IN", "", "C", 94.49, 94.49, 59.06, 270],
		[24, "U3_4", -85, 3139.73, "B", "DIP", "PWM-IN", "", "C", 94.49, 94.49, 59.06, 270],
		[25, "U3N1_1", 970, 3325.01, "T", "DIP", "5V", "", "R", 82.68, 82.68, 51.18, 90],
		[26, "U3N1_1", 970, 3325.01, "B", "DIP", "5V", "", "R", 82.68, 82.68, 51.18, 90],
		[27, "U3N1_2", 970, 3525, "T", "DIP", "DATA", "", "C", 82.68, 82.68, 51.18, 90],
		[28, "U3N1_2", 970, 3525, "B", "DIP", "DATA", "", "C", 82.68, 82.68, 51.18, 90],
		[29, "U3N1_3", 970, 3724.99, "T", "DIP", "GND", "GND", "C", 82.68, 82.68, 51.18, 90],
		[30, "U3N1_3", 970, 3724.99, "B", "DIP", "GND", "GND", "C", 82.68, 82.68, 51.18, 90],
		[31, "PAD1_1", 1070, 787.58, "T", "DIP", "L", "", "C", 60, 60, 36, 0],
		[32, "PAD1_1", 1070, 787.58, "B", "DIP", "L", "", "C", 60, 60, 36, 0],
		[33, "PAD2_1", 870, 787.58, "T", "DIP", "N", "", "C", 60, 60, 36, 0],
		[34, "PAD2_1", 870, 787.58, "B", "DIP", "N", "", "C", 60, 60, 36, 0],
		[35, "PAD3_1", 270, 787.58, "T", "DIP", "GND", "GND", "C", 60, 60, 36, 0],
		[36, "PAD3_1", 270, 787.58, "B", "DIP", "GND", "GND", "C", 60, 60, 36, 0],
		[37, "PAD4_2", 370, 787.58, "T", "DIP", "5V", "", "C", 60, 60, 36, 0],
		[38, "PAD4_2", 370, 787.58, "B", "DIP", "5V", "", "C", 60, 60, 36, 0],
		[39, "PAD5_2", 370.1, 1475.58, "T", "DIP", "12V", "", "C", 60, 60, 36, 0],
		[40, "PAD5_2", 370.1, 1475.58, "B", "DIP", "12V", "", "C", 60, 60, 36, 0],
		[41, "PAD6_1", 270.1, 1475.58, "T", "DIP", "GND", "GND", "C", 60, 60, 36, 0],
		[42, "PAD6_1", 270.1, 1475.58, "B", "DIP", "GND", "GND", "C", 60, 60, 36, 0],
		[43, "PAD7_1", 870.1, 1475.58, "T", "DIP", "N", "", "C", 60, 60, 36, 0],
		[44, "PAD7_1", 870.1, 1475.58, "B", "DIP", "N", "", "C", 60, 60, 36, 0],
		[45, "PAD8_1", 1070.1, 1475.58, "T", "DIP", "L", "", "C", 60, 60, 36, 0],
		[46, "PAD8_1", 1070.1, 1475.58, "B", "DIP", "L", "", "C", 60, 60, 36, 0],
		[47, "PAD9_1", 140, 1805, "T", "DIP", "GND", "GND", "C", 60, 60, 36, 0],
		[48, "PAD9_1", 140, 1805, "B", "DIP", "GND", "GND", "C", 60, 60, 36, 0],
		[49, "PAD10_1", 340, 1805, "T", "DIP", "12V", "", "C", 60, 60, 36, 0],
		[50, "PAD10_1", 340, 1805, "B", "DIP", "12V", "", "C", 60, 60, 36, 0],
		[51, "PAD11_1", 140, 2805, "T", "DIP", "GND", "GND", "C", 60, 60, 36, 0],
		[52, "PAD11_1", 140, 2805, "B", "DIP", "GND", "GND", "C", 60, 60, 36, 0],
		[53, "PAD12_1", 340, 2805, "T", "DIP", "SCR", "", "C", 60, 60, 36, 0],
		[54, "PAD12_1", 340, 2805, "B", "DIP", "SCR", "", "C", 60, 60, 36, 0],
		[55, "PAD13_1", 540, 2805, "T", "DIP", "GND", "GND", "C", 60, 60, 36, 0],
		[56, "PAD13_1", 540, 2805, "B", "DIP", "GND", "GND", "C", 60, 60, 36, 0],
		[57, "PAD14_1", 740, 2805, "T", "DIP", "PWM", "", "C", 60, 60, 36, 0],
		[58, "PAD14_1", 740, 2805, "B", "DIP", "PWM", "", "C", 60, 60, 36, 0],
		[59, "PAD15_1", 340, 3145, "T", "DIP", "SCR", "", "C", 60, 60, 36, 0],
		[60, "PAD15_1", 340, 3145, "B", "DIP", "SCR", "", "C", 60, 60, 36, 0],
		[61, "PAD16_1", 540, 3145, "T", "DIP", "PWM", "", "C", 60, 60, 36, 0],
		[62, "PAD16_1", 540, 3145, "B", "DIP", "PWM", "", "C", 60, 60, 36, 0],
		[63, "PAD17_1", 440, 3145, "T", "DIP", "PWM-IN", "", "C", 60, 60, 36, 0],
		[64, "PAD17_1", 440, 3145, "B", "DIP", "PWM-IN", "", "C", 60, 60, 36, 0]
	]
}
}